{"cameraMode":{"drawMode":0,"name":"Shaded","section":"Shading Mode"},"sceneLighting":true,"audioPlay":false,"sceneViewState":{"showFog":true,"showMaterialUpdate":false,"showSkybox":true,"showFlares":true,"showImageEffects":true,"showParticleSystems":true},"in2DMode":false,"pivot":{"x":2.8444931507110597,"y":-0.4985971450805664,"z":-0.4824671745300293},"rotation":{"x":-0.02270478941500187,"y":0.9652901291847229,"z":-0.24422809481620789,"w":-0.08973859995603562},"size":6.349365234375,"orthographic":false}